-- phpMyAdmin SQL Dump
-- version 5.2.1
-- https://www.phpmyadmin.net/
--
-- Hôte : 127.0.0.1
-- Généré le : ven. 12 avr. 2024 à 22:41
-- Version du serveur : 10.4.32-MariaDB
-- Version de PHP : 8.2.12

SET SQL_MODE = "NO_AUTO_VALUE_ON_ZERO";
START TRANSACTION;
SET time_zone = "+00:00";


/*!40101 SET @OLD_CHARACTER_SET_CLIENT=@@CHARACTER_SET_CLIENT */;
/*!40101 SET @OLD_CHARACTER_SET_RESULTS=@@CHARACTER_SET_RESULTS */;
/*!40101 SET @OLD_COLLATION_CONNECTION=@@COLLATION_CONNECTION */;
/*!40101 SET NAMES utf8mb4 */;

--
-- Base de données : `tifosi`
--
CREATE DATABASE IF NOT EXISTS `tifosi` DEFAULT CHARACTER SET utf8mb4 COLLATE utf8mb4_general_ci;
USE `tifosi`;

-- --------------------------------------------------------

--
-- Structure de la table `achete`
--

CREATE TABLE `achete` (
  `id_client` int(11) NOT NULL,
  `id_focaccia` int(11) NOT NULL,
  `jour` date NOT NULL DEFAULT current_timestamp()
) ENGINE=InnoDB DEFAULT CHARSET=utf8mb4 COLLATE=utf8mb4_general_ci;

--
-- Déchargement des données de la table `achete`
--

INSERT INTO `achete` (`id_client`, `id_focaccia`, `jour`) VALUES
(1, 7, '2024-04-03'),
(2, 5, '2024-04-04'),
(3, 2, '2024-04-05'),
(4, 6, '2024-04-07');

-- --------------------------------------------------------

--
-- Structure de la table `boisson`
--

CREATE TABLE `boisson` (
  `id_boisson` int(11) NOT NULL,
  `nom_boisson` varchar(45) NOT NULL,
  `id_marque` int(11) NOT NULL
) ENGINE=InnoDB DEFAULT CHARSET=utf8mb4 COLLATE=utf8mb4_general_ci;

--
-- Déchargement des données de la table `boisson`
--

INSERT INTO `boisson` (`id_boisson`, `nom_boisson`, `id_marque`) VALUES
(1, 'Coca-cola zéro', 1),
(2, 'Coca-cola original', 1),
(3, 'Fanta citron', 1),
(4, 'Fanta orange', 1),
(5, 'Capri-sun', 1),
(6, 'Pepsi', 4),
(7, 'Pepsi Max Zéro', 4),
(8, 'Lipton zéro citron', 4),
(9, 'Lipton Peach', 4),
(10, 'Monster energy ultra gold', 3),
(11, 'Monster energy ultra blue', 3),
(12, 'Eau de source', 2);

-- --------------------------------------------------------

--
-- Structure de la table `client`
--

CREATE TABLE `client` (
  `id_client` int(11) NOT NULL,
  `nom_client` varchar(45) NOT NULL,
  `age` int(11) NOT NULL,
  `cp_client` int(11) NOT NULL
) ENGINE=InnoDB DEFAULT CHARSET=utf8mb4 COLLATE=utf8mb4_general_ci;

--
-- Déchargement des données de la table `client`
--

INSERT INTO `client` (`id_client`, `nom_client`, `age`, `cp_client`) VALUES
(1, 'Alice Dupont', 28, 75001),
(2, 'Bernard Martin', 35, 75002),
(3, 'Claire Lefebvre', 42, 75003),
(4, 'David Moreau', 30, 75004),
(5, 'Émilie Petit', 25, 75005),
(6, 'François Durand', 33, 75006),
(7, 'Gabrielle Leroy', 29, 75007),
(8, 'Hugo Roussel', 38, 75008),
(9, 'Isabelle Simon', 27, 75009);

-- --------------------------------------------------------

--
-- Structure de la table `comprend`
--

CREATE TABLE `comprend` (
  `id_focaccia` int(11) NOT NULL,
  `id_ingredient` int(11) NOT NULL
) ENGINE=InnoDB DEFAULT CHARSET=utf8mb4 COLLATE=utf8mb4_general_ci;

--
-- Déchargement des données de la table `comprend`
--

INSERT INTO `comprend` (`id_focaccia`, `id_ingredient`) VALUES
(1, 1),
(1, 3),
(1, 5),
(1, 7),
(1, 9),
(1, 13),
(1, 16),
(1, 18),
(1, 20),
(1, 25),
(2, 1),
(2, 5),
(2, 7),
(2, 9),
(2, 11),
(2, 16),
(2, 18),
(2, 20),
(3, 1),
(3, 5),
(3, 7),
(3, 9),
(3, 18),
(3, 20),
(3, 22),
(4, 6),
(4, 7),
(4, 9),
(4, 10),
(4, 15),
(4, 18),
(4, 20),
(5, 5),
(5, 7),
(5, 9),
(5, 12),
(5, 16),
(5, 17),
(5, 18),
(5, 20),
(5, 25),
(6, 2),
(6, 4),
(6, 5),
(6, 9),
(6, 16),
(6, 18),
(6, 19),
(6, 20),
(6, 25),
(7, 4),
(7, 5),
(7, 9),
(7, 16),
(7, 18),
(7, 20),
(7, 21),
(7, 25),
(8, 1),
(8, 3),
(8, 6),
(8, 7),
(8, 8),
(8, 9),
(8, 13),
(8, 14),
(8, 16),
(8, 18),
(8, 20),
(8, 21);

-- --------------------------------------------------------

--
-- Structure de la table `contient`
--

CREATE TABLE `contient` (
  `id_menu` int(11) NOT NULL,
  `id_boisson` int(11) NOT NULL
) ENGINE=InnoDB DEFAULT CHARSET=utf8mb4 COLLATE=utf8mb4_general_ci;

--
-- Déchargement des données de la table `contient`
--

INSERT INTO `contient` (`id_menu`, `id_boisson`) VALUES
(1, 1),
(1, 2),
(1, 3),
(1, 4),
(1, 5),
(1, 6),
(1, 7),
(1, 8),
(1, 9),
(1, 10),
(1, 11),
(1, 12),
(2, 1),
(2, 2),
(2, 3),
(2, 4),
(2, 5),
(2, 6),
(2, 7),
(2, 8),
(2, 9),
(2, 10),
(2, 11),
(2, 12),
(3, 1),
(3, 2),
(3, 3),
(3, 4),
(3, 5),
(3, 6),
(3, 7),
(3, 8),
(3, 9),
(3, 10),
(3, 11),
(3, 12),
(4, 1),
(4, 2),
(4, 3),
(4, 4),
(4, 5),
(4, 6),
(4, 7),
(4, 8),
(4, 9),
(4, 10),
(4, 11),
(4, 12),
(5, 1),
(5, 2),
(5, 3),
(5, 4),
(5, 5),
(5, 6),
(5, 7),
(5, 8),
(5, 9),
(5, 10),
(5, 11),
(5, 12),
(6, 1),
(6, 2),
(6, 3),
(6, 4),
(6, 5),
(6, 6),
(6, 7),
(6, 8),
(6, 9),
(6, 10),
(6, 11),
(6, 12),
(7, 1),
(7, 2),
(7, 3),
(7, 4),
(7, 5),
(7, 6),
(7, 7),
(7, 8),
(7, 9),
(7, 10),
(7, 11),
(7, 12),
(8, 1),
(8, 2),
(8, 3),
(8, 4),
(8, 5),
(8, 6),
(8, 7),
(8, 8),
(8, 9),
(8, 10),
(8, 11),
(8, 12);

-- --------------------------------------------------------

--
-- Structure de la table `focaccia`
--

CREATE TABLE `focaccia` (
  `id_focaccia` int(11) NOT NULL,
  `nom_focaccia` varchar(45) NOT NULL,
  `prix_focaccia` float NOT NULL
) ENGINE=InnoDB DEFAULT CHARSET=utf8mb4 COLLATE=utf8mb4_general_ci;

--
-- Déchargement des données de la table `focaccia`
--

INSERT INTO `focaccia` (`id_focaccia`, `nom_focaccia`, `prix_focaccia`) VALUES
(1, 'Mozaccia', 9.8),
(2, 'Gorgonzollaccia', 10.8),
(3, 'Raclaccia', 8.9),
(4, 'Emmentalaccia', 9.8),
(5, 'Tradizione', 8.9),
(6, 'Hawaienne', 11.2),
(7, 'Américaine', 10.8),
(8, 'Paysanne', 12.8);

-- --------------------------------------------------------

--
-- Structure de la table `ingredient`
--

CREATE TABLE `ingredient` (
  `id_ingredient` int(11) NOT NULL,
  `nom_ingredient` varchar(45) NOT NULL
) ENGINE=InnoDB DEFAULT CHARSET=utf8mb4 COLLATE=utf8mb4_general_ci;

--
-- Déchargement des données de la table `ingredient`
--

INSERT INTO `ingredient` (`id_ingredient`, `nom_ingredient`) VALUES
(1, 'Ail'),
(2, 'Ananas'),
(3, 'Artichaut'),
(4, 'Bacon'),
(5, 'Base Tomate'),
(6, 'Base crème'),
(7, 'Champignon'),
(8, 'Chevre'),
(9, 'Cresson'),
(10, 'Emmental'),
(11, 'Gorgonzola'),
(12, 'Jambon cuit'),
(13, 'Jambon fumé'),
(14, 'Oeuf'),
(15, 'Oignon'),
(16, 'Olive noire'),
(17, 'Olive verte'),
(18, 'Parmeasan'),
(19, 'Piment'),
(20, 'Poivre'),
(21, 'Pomme de terre'),
(22, 'Raclette'),
(23, 'Salami'),
(24, 'Tomate cerise'),
(25, 'Mozarella');

-- --------------------------------------------------------

--
-- Structure de la table `marque`
--

CREATE TABLE `marque` (
  `id_marque` int(11) NOT NULL,
  `nom_marque` varchar(45) NOT NULL
) ENGINE=InnoDB DEFAULT CHARSET=utf8mb4 COLLATE=utf8mb4_general_ci;

--
-- Déchargement des données de la table `marque`
--

INSERT INTO `marque` (`id_marque`, `nom_marque`) VALUES
(1, 'Coca-cola'),
(2, 'Cristalline'),
(3, 'Monster'),
(4, 'Pepsico');

-- --------------------------------------------------------

--
-- Structure de la table `menu`
--

CREATE TABLE `menu` (
  `id_menu` int(11) NOT NULL,
  `nom_menu` varchar(45) NOT NULL,
  `prix_menu` float NOT NULL,
  `id_focaccia` int(11) NOT NULL
) ENGINE=InnoDB DEFAULT CHARSET=utf8mb4 COLLATE=utf8mb4_general_ci;

--
-- Déchargement des données de la table `menu`
--

INSERT INTO `menu` (`id_menu`, `nom_menu`, `prix_menu`, `id_focaccia`) VALUES
(1, 'Menu Mozaccia', 11.9, 1),
(2, 'Menu Gorgonzollaccia', 12.8, 2),
(3, 'Menu Raclaccia', 10.8, 3),
(4, 'Menu Emmentalaccia', 11.9, 4),
(5, 'Menu Tradizione', 10.9, 5),
(6, 'Menu Hawaienne', 13.2, 6),
(7, 'Menu Américaine', 12.8, 7),
(8, 'Menu Paysanne', 14.8, 8);

-- --------------------------------------------------------

--
-- Structure de la table `paye`
--

CREATE TABLE `paye` (
  `id_client` int(11) NOT NULL,
  `id_menu` int(11) NOT NULL,
  `jour` date NOT NULL DEFAULT current_timestamp()
) ENGINE=InnoDB DEFAULT CHARSET=utf8mb4 COLLATE=utf8mb4_general_ci;

--
-- Déchargement des données de la table `paye`
--

INSERT INTO `paye` (`id_client`, `id_menu`, `jour`) VALUES
(5, 3, '2024-04-01'),
(6, 8, '2024-04-03'),
(7, 7, '2024-04-06'),
(8, 1, '2024-04-05'),
(9, 4, '2024-04-04');

--
-- Index pour les tables déchargées
--

--
-- Index pour la table `achete`
--
ALTER TABLE `achete`
  ADD PRIMARY KEY (`id_client`,`id_focaccia`),
  ADD KEY `id_client` (`id_client`),
  ADD KEY `id_focaccia` (`id_focaccia`);

--
-- Index pour la table `boisson`
--
ALTER TABLE `boisson`
  ADD PRIMARY KEY (`id_boisson`),
  ADD KEY `id_marque` (`id_marque`);

--
-- Index pour la table `client`
--
ALTER TABLE `client`
  ADD PRIMARY KEY (`id_client`);

--
-- Index pour la table `comprend`
--
ALTER TABLE `comprend`
  ADD PRIMARY KEY (`id_focaccia`,`id_ingredient`),
  ADD KEY `id_focaccia` (`id_focaccia`),
  ADD KEY `id_ingredient` (`id_ingredient`);

--
-- Index pour la table `contient`
--
ALTER TABLE `contient`
  ADD PRIMARY KEY (`id_menu`,`id_boisson`),
  ADD KEY `id_boisson` (`id_boisson`),
  ADD KEY `id_menu` (`id_menu`);

--
-- Index pour la table `focaccia`
--
ALTER TABLE `focaccia`
  ADD PRIMARY KEY (`id_focaccia`);

--
-- Index pour la table `ingredient`
--
ALTER TABLE `ingredient`
  ADD PRIMARY KEY (`id_ingredient`);

--
-- Index pour la table `marque`
--
ALTER TABLE `marque`
  ADD PRIMARY KEY (`id_marque`);

--
-- Index pour la table `menu`
--
ALTER TABLE `menu`
  ADD PRIMARY KEY (`id_menu`),
  ADD KEY `id_focaccia` (`id_focaccia`);

--
-- Index pour la table `paye`
--
ALTER TABLE `paye`
  ADD PRIMARY KEY (`id_client`,`id_menu`),
  ADD KEY `id_client` (`id_client`),
  ADD KEY `id_menu` (`id_menu`);

--
-- AUTO_INCREMENT pour les tables déchargées
--

--
-- AUTO_INCREMENT pour la table `boisson`
--
ALTER TABLE `boisson`
  MODIFY `id_boisson` int(11) NOT NULL AUTO_INCREMENT, AUTO_INCREMENT=13;

--
-- AUTO_INCREMENT pour la table `client`
--
ALTER TABLE `client`
  MODIFY `id_client` int(11) NOT NULL AUTO_INCREMENT, AUTO_INCREMENT=11;

--
-- AUTO_INCREMENT pour la table `focaccia`
--
ALTER TABLE `focaccia`
  MODIFY `id_focaccia` int(11) NOT NULL AUTO_INCREMENT, AUTO_INCREMENT=9;

--
-- AUTO_INCREMENT pour la table `ingredient`
--
ALTER TABLE `ingredient`
  MODIFY `id_ingredient` int(11) NOT NULL AUTO_INCREMENT, AUTO_INCREMENT=26;

--
-- AUTO_INCREMENT pour la table `marque`
--
ALTER TABLE `marque`
  MODIFY `id_marque` int(11) NOT NULL AUTO_INCREMENT, AUTO_INCREMENT=5;

--
-- AUTO_INCREMENT pour la table `menu`
--
ALTER TABLE `menu`
  MODIFY `id_menu` int(11) NOT NULL AUTO_INCREMENT, AUTO_INCREMENT=9;

--
-- Contraintes pour les tables déchargées
--

--
-- Contraintes pour la table `achete`
--
ALTER TABLE `achete`
  ADD CONSTRAINT `achete_ibfk_1` FOREIGN KEY (`id_client`) REFERENCES `client` (`id_client`),
  ADD CONSTRAINT `achete_ibfk_2` FOREIGN KEY (`id_focaccia`) REFERENCES `focaccia` (`id_focaccia`);

--
-- Contraintes pour la table `boisson`
--
ALTER TABLE `boisson`
  ADD CONSTRAINT `boisson_ibfk_1` FOREIGN KEY (`id_marque`) REFERENCES `marque` (`id_marque`);

--
-- Contraintes pour la table `comprend`
--
ALTER TABLE `comprend`
  ADD CONSTRAINT `comprend_ibfk_1` FOREIGN KEY (`id_focaccia`) REFERENCES `focaccia` (`id_focaccia`),
  ADD CONSTRAINT `comprend_ibfk_2` FOREIGN KEY (`id_ingredient`) REFERENCES `ingredient` (`id_ingredient`);

--
-- Contraintes pour la table `contient`
--
ALTER TABLE `contient`
  ADD CONSTRAINT `contient_ibfk_1` FOREIGN KEY (`id_boisson`) REFERENCES `boisson` (`id_boisson`),
  ADD CONSTRAINT `contient_ibfk_2` FOREIGN KEY (`id_boisson`) REFERENCES `boisson` (`id_boisson`);

--
-- Contraintes pour la table `menu`
--
ALTER TABLE `menu`
  ADD CONSTRAINT `menu_ibfk_1` FOREIGN KEY (`id_focaccia`) REFERENCES `focaccia` (`id_focaccia`);

--
-- Contraintes pour la table `paye`
--
ALTER TABLE `paye`
  ADD CONSTRAINT `paye_ibfk_1` FOREIGN KEY (`id_client`) REFERENCES `client` (`id_client`),
  ADD CONSTRAINT `paye_ibfk_2` FOREIGN KEY (`id_menu`) REFERENCES `menu` (`id_menu`);
COMMIT;

/*!40101 SET CHARACTER_SET_CLIENT=@OLD_CHARACTER_SET_CLIENT */;
/*!40101 SET CHARACTER_SET_RESULTS=@OLD_CHARACTER_SET_RESULTS */;
/*!40101 SET COLLATION_CONNECTION=@OLD_COLLATION_CONNECTION */;
